host,slurm_job_id,threads,working_set_gib,triad_gbs,valid,source
cresco8-hbm01,5296613,55,7.999999992549419,496.8444152836575,True,data/raw/environment/node_checks/cresco8-hbm01-5296613.json
cresco8-hbm01,5296617,55,7.999999992549419,494.9602026445958,True,data/raw/environment/node_checks/cresco8-hbm01-5296617.json
cresco8-hbm01,5296622,55,7.999999992549419,500.3087288747534,True,data/raw/environment/node_checks/cresco8-hbm01-5296622.json
cresco8-hbm01,5296624,55,7.999999992549419,497.2735717752306,True,data/raw/environment/node_checks/cresco8-hbm01-5296624.json
cresco8-hbm01,5296625,55,7.999999992549419,323.03347785856096,True,data/raw/environment/node_checks/cresco8-hbm01-5296625.json
cresco8-hbm01,5296626,55,7.999999992549419,323.10321935434257,True,data/raw/environment/node_checks/cresco8-hbm01-5296626.json
cresco8-hbm01,5296865,55,7.999999992549419,501.53371492852716,True,data/raw/environment/node_checks/cresco8-hbm01-5296865.json
cresco8-hbm01,5296901,55,7.999999992549419,494.3051106812884,True,data/raw/environment/node_checks/cresco8-hbm01-5296901.json
cresco8-hbm01,5296932,55,7.999999992549419,489.9712684462251,True,data/raw/environment/node_checks/cresco8-hbm01-5296932.json
cresco8-hbm01,5296937,55,7.999999992549419,498.51527181341515,True,data/raw/environment/node_checks/cresco8-hbm01-5296937.json
cresco8-hbm01,5296943,55,7.999999992549419,493.13264584891255,True,data/raw/environment/node_checks/cresco8-hbm01-5296943.json
cresco8-hbm01,5296945,55,7.999999992549419,503.26385492550713,True,data/raw/environment/node_checks/cresco8-hbm01-5296945.json
cresco8-hbm01,5296949,55,7.999999992549419,501.01807613377247,True,data/raw/environment/node_checks/cresco8-hbm01-5296949.json
cresco8-hbm01,5296950,55,7.999999992549419,494.91502584020844,True,data/raw/environment/node_checks/cresco8-hbm01-5296950.json
cresco8-hbm02,5296614,55,7.999999992549419,505.23206204248004,True,data/raw/environment/node_checks/cresco8-hbm02-5296614.json
cresco8-hbm02,5296822,55,7.999999992549419,509.66416615122847,True,data/raw/environment/node_checks/cresco8-hbm02-5296822.json
cresco8-hbm02,5296866,55,7.999999992549419,508.2071358512435,True,data/raw/environment/node_checks/cresco8-hbm02-5296866.json
cresco8-hbm02,5296892,55,7.999999992549419,501.2162292218009,True,data/raw/environment/node_checks/cresco8-hbm02-5296892.json
cresco8-hbm02,5296902,55,7.999999992549419,500.59327534792493,True,data/raw/environment/node_checks/cresco8-hbm02-5296902.json
cresco8-hbm02,5296933,55,7.999999992549419,508.0775748183113,True,data/raw/environment/node_checks/cresco8-hbm02-5296933.json
cresco8-hbm02,5296939,55,7.999999992549419,508.37097338583607,True,data/raw/environment/node_checks/cresco8-hbm02-5296939.json
cresco8-hbm02,5300025,55,7.999999992549419,504.2999102682491,True,data/raw/environment/node_checks/cresco8-hbm02-5300025.json
cresco8-hbm03,5296867,55,7.999999992549419,508.3542458556072,True,data/raw/environment/node_checks/cresco8-hbm03-5296867.json
cresco8-hbm03,5296893,55,7.999999992549419,505.68437632444494,True,data/raw/environment/node_checks/cresco8-hbm03-5296893.json
cresco8-hbm03,5296903,55,7.999999992549419,512.653409264004,True,data/raw/environment/node_checks/cresco8-hbm03-5296903.json
cresco8-hbm03,5296934,55,7.999999992549419,510.51565748512223,True,data/raw/environment/node_checks/cresco8-hbm03-5296934.json
cresco8-hbm03,5296938,55,7.999999992549419,497.53159347902937,True,data/raw/environment/node_checks/cresco8-hbm03-5296938.json
cresco8-hbm03,5296944,55,7.999999992549419,495.10253293849786,True,data/raw/environment/node_checks/cresco8-hbm03-5296944.json
cresco8-hbm03,5296952,55,7.999999992549419,493.1123188036195,True,data/raw/environment/node_checks/cresco8-hbm03-5296952.json
cresco8-hbm03,5296954,55,7.999999992549419,495.6454511750589,True,data/raw/environment/node_checks/cresco8-hbm03-5296954.json
cresco8-hbm03,5300027,55,7.999999992549419,497.0512532923869,True,data/raw/environment/node_checks/cresco8-hbm03-5300027.json
cresco8-hbm03,5302134,55,7.999999992549419,495.0147923259962,True,data/raw/environment/node_checks/cresco8-hbm03-5302134.json
cresco8-hbm04,5296894,55,7.999999992549419,512.6031502494028,True,data/raw/environment/node_checks/cresco8-hbm04-5296894.json
cresco8-hbm04,5296904,55,7.999999992549419,519.8156010236379,True,data/raw/environment/node_checks/cresco8-hbm04-5296904.json
cresco8-hbm04,5296935,55,7.999999992549419,518.2287477326361,True,data/raw/environment/node_checks/cresco8-hbm04-5296935.json
cresco8-hbm04,5296940,55,7.999999992549419,518.5062982091952,True,data/raw/environment/node_checks/cresco8-hbm04-5296940.json
cresco8-hbm04,5296942,55,7.999999992549419,521.0914030950433,True,data/raw/environment/node_checks/cresco8-hbm04-5296942.json
cresco8-hbm04,5296947,55,7.999999992549419,523.7604053362184,True,data/raw/environment/node_checks/cresco8-hbm04-5296947.json
cresco8-hbm04,5296948,55,7.999999992549419,522.395169819123,True,data/raw/environment/node_checks/cresco8-hbm04-5296948.json
cresco8-hbm04,5296951,55,7.999999992549419,525.7329742329156,True,data/raw/environment/node_checks/cresco8-hbm04-5296951.json
cresco8-hbm04,5302135,55,7.999999992549419,523.1250768239119,True,data/raw/environment/node_checks/cresco8-hbm04-5302135.json
cresco8-hbm05,5296905,55,7.999999992549419,518.285795090476,True,data/raw/environment/node_checks/cresco8-hbm05-5296905.json
cresco8-hbm05,5296936,55,7.999999992549419,517.7126895389807,True,data/raw/environment/node_checks/cresco8-hbm05-5296936.json
cresco8-hbm05,5296946,55,7.999999992549419,517.1420678398251,True,data/raw/environment/node_checks/cresco8-hbm05-5296946.json
cresco8-hbm05,5296953,55,7.999999992549419,518.811314044021,True,data/raw/environment/node_checks/cresco8-hbm05-5296953.json
cresco8-hbm05,5300026,55,7.999999992549419,518.6131791639222,True,data/raw/environment/node_checks/cresco8-hbm05-5300026.json
cresco8-hbm06,5296941,55,7.999999992549419,527.056184978525,True,data/raw/environment/node_checks/cresco8-hbm06-5296941.json
cresco8-hbm15,5296814,55,7.999999992549419,509.40657705353516,True,data/raw/environment/node_checks/cresco8-hbm15-5296814.json
cresco8-hbm15,5296821,55,7.999999992549419,511.9975981702921,True,data/raw/environment/node_checks/cresco8-hbm15-5296821.json
cresco8-hbm15,5296864,55,7.999999992549419,516.8485395206426,True,data/raw/environment/node_checks/cresco8-hbm15-5296864.json
cresco8-hbm15,5296927,55,7.999999992549419,512.5709030547501,True,data/raw/environment/node_checks/cresco8-hbm15-5296927.json
cresco8-hbm16,5296928,55,7.999999992549419,505.23798462167406,True,data/raw/environment/node_checks/cresco8-hbm16-5296928.json
cresco8x080,5302201,55,7.999999992549419,276.12968905673085,True,data/raw/environment/node_checks/cresco8x080-5302201.json
cresco8x080,5302203,55,7.999999992549419,276.34110841879635,True,data/raw/environment/node_checks/cresco8x080-5302203.json
