campaign,model,configuration_id,backend,precision,quantization,arm_dir,variant,workload,planned,last_concurrency,last_status,skip_reason,projected_point_s,rule_plateau_gain,rule_extend_min_gain,rule_max_point_s,source
main,llama31_8b,llama_cpp_bf16,llama_cpp,bf16,none,llamacpp-bf16,,balanced,"1,2,4,8,16,32,64",64,ok,,,0.05,0.1,14400,data/raw/online/main/llama31_8b/llamacpp-bf16/balanced/sweep.json
main,llama31_8b,llama_cpp_bf16,llama_cpp,bf16,none,llamacpp-bf16,,decode,"1,2,4,8,16,32,64",64,ok,,,0.05,0.1,14400,data/raw/online/main/llama31_8b/llamacpp-bf16/decode/sweep.json
main,llama31_8b,llama_cpp_bf16,llama_cpp,bf16,none,llamacpp-bf16,,kvdecode,"1,2,4,8,16,32,64",32,skipped_budget,projected 16940s > max_point_seconds 14400,16939.543690763632,0.05,0.1,14400,data/raw/online/main/llama31_8b/llamacpp-bf16/kvdecode/sweep.json
main,llama31_8b,llama_cpp_bf16,llama_cpp,bf16,none,llamacpp-bf16,,longctx,"1,2,4,8,16,32,64",4,ok,,,0.05,0.1,14400,data/raw/online/main/llama31_8b/llamacpp-bf16/longctx/sweep.json
main,llama31_8b,llama_cpp_bf16,llama_cpp,bf16,none,llamacpp-bf16,,prefill,"1,2,4,8,16,32,64",8,ok,,,0.05,0.1,14400,data/raw/online/main/llama31_8b/llamacpp-bf16/prefill/sweep.json
main,llama31_8b,llama_cpp_int8,llama_cpp,int8,q8_0,llamacpp-q8_0,,balanced,"1,2,4,8,16,32,64",64,ok,,,0.05,0.1,14400,data/raw/online/main/llama31_8b/llamacpp-q8_0/balanced/sweep.json
main,llama31_8b,llama_cpp_int8,llama_cpp,int8,q8_0,llamacpp-q8_0,,decode,"1,2,4,8,16,32,64",64,ok,,,0.05,0.1,14400,data/raw/online/main/llama31_8b/llamacpp-q8_0/decode/sweep.json
main,llama31_8b,llama_cpp_int8,llama_cpp,int8,q8_0,llamacpp-q8_0,,longctx,"1,2,4,8,16,32,64",4,ok,,,0.05,0.1,14400,data/raw/online/main/llama31_8b/llamacpp-q8_0/longctx/sweep.json
main,llama31_8b,llama_cpp_int8,llama_cpp,int8,q8_0,llamacpp-q8_0,,prefill,"1,2,4,8,16,32,64",8,ok,,,0.05,0.1,14400,data/raw/online/main/llama31_8b/llamacpp-q8_0/prefill/sweep.json
main,llama31_8b,vllm_bf16,vllm,bf16,none,vllm-bf16,,balanced,"1,2,4,8,16,32,64,128",128,ok,,,0.05,0.1,14400,data/raw/online/main/llama31_8b/vllm-bf16/balanced/sweep.json
main,llama31_8b,vllm_bf16,vllm,bf16,none,vllm-bf16,,decode,"1,2,4,8,16,32,64,128",128,ok,,,0.05,0.1,14400,data/raw/online/main/llama31_8b/vllm-bf16/decode/sweep.json
main,llama31_8b,vllm_bf16,vllm,bf16,none,vllm-bf16,,kvdecode,"1,2,4,8,16,32,64",64,ok,,,0.05,0.1,14400,data/raw/online/main/llama31_8b/vllm-bf16/kvdecode/sweep.json
main,llama31_8b,vllm_bf16,vllm,bf16,none,vllm-bf16,,longctx,"1,2,4,8,16,32,64",64,ok,,,0.05,0.1,14400,data/raw/online/main/llama31_8b/vllm-bf16/longctx/sweep.json
main,llama31_8b,vllm_bf16,vllm,bf16,none,vllm-bf16,,prefill,"1,2,4,8,16,32,64",64,ok,,,0.05,0.1,14400,data/raw/online/main/llama31_8b/vllm-bf16/prefill/sweep.json
main,llama32_1b,llama_cpp_bf16,llama_cpp,bf16,none,llamacpp-bf16,,balanced,"1,2,4,8,16,32,64",64,ok,,,0.05,0.1,14400,data/raw/online/main/llama32_1b/llamacpp-bf16/balanced/sweep.json
main,llama32_1b,llama_cpp_bf16,llama_cpp,bf16,none,llamacpp-bf16,,decode,"1,2,4,8,16,32,64",64,ok,,,0.05,0.1,14400,data/raw/online/main/llama32_1b/llamacpp-bf16/decode/sweep.json
main,llama32_1b,llama_cpp_bf16,llama_cpp,bf16,none,llamacpp-bf16,,prefill,"1,2,4,8,16,32,64",8,ok,,,0.05,0.1,14400,data/raw/online/main/llama32_1b/llamacpp-bf16/prefill/sweep.json
main,llama32_1b,llama_cpp_int8,llama_cpp,int8,q8_0,llamacpp-q8_0,,balanced,"1,2,4,8,16,32,64",64,ok,,,0.05,0.1,14400,data/raw/online/main/llama32_1b/llamacpp-q8_0/balanced/sweep.json
main,llama32_1b,llama_cpp_int8,llama_cpp,int8,q8_0,llamacpp-q8_0,,decode,"1,2,4,8,16,32,64",64,ok,,,0.05,0.1,14400,data/raw/online/main/llama32_1b/llamacpp-q8_0/decode/sweep.json
main,llama32_1b,llama_cpp_int8,llama_cpp,int8,q8_0,llamacpp-q8_0,,prefill,"1,2,4,8,16,32,64",8,ok,,,0.05,0.1,14400,data/raw/online/main/llama32_1b/llamacpp-q8_0/prefill/sweep.json
main,llama32_1b,vllm_bf16,vllm,bf16,none,vllm-bf16,,balanced,"1,2,4,8,16,32,64,128,256",256,ok,,,0.05,0.1,14400,data/raw/online/main/llama32_1b/vllm-bf16/balanced/sweep.json
main,llama32_1b,vllm_bf16,vllm,bf16,none,vllm-bf16,,decode,"1,2,4,8,16,32,64,128,256",256,ok,,,0.05,0.1,14400,data/raw/online/main/llama32_1b/vllm-bf16/decode/sweep.json
main,llama32_1b,vllm_bf16,vllm,bf16,none,vllm-bf16,,prefill,"1,2,4,8,16,32,64",64,ok,,,0.05,0.1,14400,data/raw/online/main/llama32_1b/vllm-bf16/prefill/sweep.json
main-v0-lustre-stall,llama31_8b,llama_cpp_bf16,llama_cpp,bf16,none,llamacpp-bf16,,balanced,"1,2,4,8,16,32,64",1,failed,,,0.05,0.1,14400,data/raw/online/main-v0-lustre-stall/llama31_8b/llamacpp-bf16/balanced/sweep.json
main-v0-lustre-stall,llama31_8b,vllm_bf16,vllm,bf16,none,vllm-bf16,,balanced,"1,2,4,8,16,32,64",1,failed,,,0.05,0.1,14400,data/raw/online/main-v0-lustre-stall/llama31_8b/vllm-bf16/balanced/sweep.json
main-v0-lustre-stall,llama31_8b,vllm_bf16,vllm,bf16,none,vllm-bf16,,prefill,"1,2,4,8,16,32,64",1,failed,,,0.05,0.1,14400,data/raw/online/main-v0-lustre-stall/llama31_8b/vllm-bf16/prefill/sweep.json
pmu-overhead,llama32_1b,llama_cpp_bf16,llama_cpp,bf16,none,llamacpp-bf16__nopmu1,nopmu1,balanced,1,1,ok,,,0.05,0.1,10800,data/raw/online/pmu-overhead/llama32_1b/llamacpp-bf16__nopmu1/balanced/sweep.json
pmu-overhead,llama32_1b,llama_cpp_bf16,llama_cpp,bf16,none,llamacpp-bf16__nopmu3,nopmu3,balanced,1,1,ok,,,0.05,0.1,10800,data/raw/online/pmu-overhead/llama32_1b/llamacpp-bf16__nopmu3/balanced/sweep.json
pmu-overhead,llama32_1b,llama_cpp_bf16,llama_cpp,bf16,none,llamacpp-bf16__pmu0,pmu0,balanced,1,1,ok,,,0.05,0.1,10800,data/raw/online/pmu-overhead/llama32_1b/llamacpp-bf16__pmu0/balanced/sweep.json
pmu-overhead,llama32_1b,llama_cpp_bf16,llama_cpp,bf16,none,llamacpp-bf16__pmu2,pmu2,balanced,1,1,ok,,,0.05,0.1,10800,data/raw/online/pmu-overhead/llama32_1b/llamacpp-bf16__pmu2/balanced/sweep.json
pmu-overhead,llama32_1b,vllm_bf16,vllm,bf16,none,vllm-bf16__nopmu1,nopmu1,balanced,1,1,ok,,,0.05,0.1,10800,data/raw/online/pmu-overhead/llama32_1b/vllm-bf16__nopmu1/balanced/sweep.json
pmu-overhead,llama32_1b,vllm_bf16,vllm,bf16,none,vllm-bf16__nopmu3,nopmu3,balanced,1,1,ok,,,0.05,0.1,10800,data/raw/online/pmu-overhead/llama32_1b/vllm-bf16__nopmu3/balanced/sweep.json
pmu-overhead,llama32_1b,vllm_bf16,vllm,bf16,none,vllm-bf16__pmu0,pmu0,balanced,1,1,ok,,,0.05,0.1,10800,data/raw/online/pmu-overhead/llama32_1b/vllm-bf16__pmu0/balanced/sweep.json
pmu-overhead,llama32_1b,vllm_bf16,vllm,bf16,none,vllm-bf16__pmu2,pmu2,balanced,1,1,ok,,,0.05,0.1,10800,data/raw/online/pmu-overhead/llama32_1b/vllm-bf16__pmu2/balanced/sweep.json
pmu-overhead-v1-7events,llama32_1b,llama_cpp_bf16,llama_cpp,bf16,none,llamacpp-bf16__nopmu1,nopmu1,balanced,1,1,ok,,,0.05,0.1,10800,data/raw/online/pmu-overhead-v1-7events/llama32_1b/llamacpp-bf16__nopmu1/balanced/sweep.json
pmu-overhead-v1-7events,llama32_1b,llama_cpp_bf16,llama_cpp,bf16,none,llamacpp-bf16__nopmu3,nopmu3,balanced,1,1,ok,,,0.05,0.1,10800,data/raw/online/pmu-overhead-v1-7events/llama32_1b/llamacpp-bf16__nopmu3/balanced/sweep.json
pmu-overhead-v1-7events,llama32_1b,llama_cpp_bf16,llama_cpp,bf16,none,llamacpp-bf16__pmu0,pmu0,balanced,1,1,ok,,,0.05,0.1,10800,data/raw/online/pmu-overhead-v1-7events/llama32_1b/llamacpp-bf16__pmu0/balanced/sweep.json
pmu-overhead-v1-7events,llama32_1b,llama_cpp_bf16,llama_cpp,bf16,none,llamacpp-bf16__pmu2,pmu2,balanced,1,1,ok,,,0.05,0.1,10800,data/raw/online/pmu-overhead-v1-7events/llama32_1b/llamacpp-bf16__pmu2/balanced/sweep.json
pmu-overhead-v1-7events,llama32_1b,vllm_bf16,vllm,bf16,none,vllm-bf16__nopmu1,nopmu1,balanced,1,1,ok,,,0.05,0.1,10800,data/raw/online/pmu-overhead-v1-7events/llama32_1b/vllm-bf16__nopmu1/balanced/sweep.json
pmu-overhead-v1-7events,llama32_1b,vllm_bf16,vllm,bf16,none,vllm-bf16__nopmu3,nopmu3,balanced,1,1,ok,,,0.05,0.1,10800,data/raw/online/pmu-overhead-v1-7events/llama32_1b/vllm-bf16__nopmu3/balanced/sweep.json
pmu-overhead-v1-7events,llama32_1b,vllm_bf16,vllm,bf16,none,vllm-bf16__pmu0,pmu0,balanced,1,1,ok,,,0.05,0.1,10800,data/raw/online/pmu-overhead-v1-7events/llama32_1b/vllm-bf16__pmu0/balanced/sweep.json
pmu-overhead-v1-7events,llama32_1b,vllm_bf16,vllm,bf16,none,vllm-bf16__pmu2,pmu2,balanced,1,1,ok,,,0.05,0.1,10800,data/raw/online/pmu-overhead-v1-7events/llama32_1b/vllm-bf16__pmu2/balanced/sweep.json
smoke,llama31_8b,llama_cpp_bf16,llama_cpp,bf16,none,llamacpp-bf16,,prefill,2,2,ok,,,0.05,0.1,10800,data/raw/online/smoke/llama31_8b/llamacpp-bf16/prefill/sweep.json
smoke,llama31_8b,vllm_bf16,vllm,bf16,none,vllm-bf16,,prefill,2,2,ok,,,0.05,0.1,10800,data/raw/online/smoke/llama31_8b/vllm-bf16/prefill/sweep.json
smoke,llama32_1b,llama_cpp_bf16,llama_cpp,bf16,none,llamacpp-bf16,,balanced,"1,4",4,ok,,,0.05,0.1,10800,data/raw/online/smoke/llama32_1b/llamacpp-bf16/balanced/sweep.json
smoke,llama32_1b,llama_cpp_int8,llama_cpp,int8,q8_0,llamacpp-q8_0,,balanced,"1,4",4,ok,,,0.05,0.1,10800,data/raw/online/smoke/llama32_1b/llamacpp-q8_0/balanced/sweep.json
smoke,llama32_1b,vllm_bf16,vllm,bf16,none,vllm-bf16,,balanced,"1,4",4,ok,,,0.05,0.1,10800,data/raw/online/smoke/llama32_1b/vllm-bf16/balanced/sweep.json
smoke-staging,llama31_8b,llama_cpp_bf16,llama_cpp,bf16,none,llamacpp-bf16,,balanced,1,1,ok,,,0.05,0.1,14400,data/raw/online/smoke-staging/llama31_8b/llamacpp-bf16/balanced/sweep.json
smoke-staging,llama31_8b,vllm_bf16,vllm,bf16,none,vllm-bf16,,balanced,1,1,ok,,,0.05,0.1,14400,data/raw/online/smoke-staging/llama31_8b/vllm-bf16/balanced/sweep.json
tuning,llama31_8b,llama_cpp_bf16,llama_cpp,bf16,none,llamacpp-bf16__fa-off_ub2048,fa-off_ub2048,balanced,16,16,ok,,,0.05,0.1,14400,data/raw/online/tuning/llama31_8b/llamacpp-bf16__fa-off_ub2048/balanced/sweep.json
tuning,llama31_8b,llama_cpp_bf16,llama_cpp,bf16,none,llamacpp-bf16__fa-off_ub512,fa-off_ub512,balanced,16,16,ok,,,0.05,0.1,14400,data/raw/online/tuning/llama31_8b/llamacpp-bf16__fa-off_ub512/balanced/sweep.json
tuning,llama31_8b,llama_cpp_bf16,llama_cpp,bf16,none,llamacpp-bf16__fa-on_ub2048,fa-on_ub2048,balanced,16,16,ok,,,0.05,0.1,14400,data/raw/online/tuning/llama31_8b/llamacpp-bf16__fa-on_ub2048/balanced/sweep.json
tuning,llama31_8b,llama_cpp_bf16,llama_cpp,bf16,none,llamacpp-bf16__fa-on_ub512,fa-on_ub512,balanced,16,16,ok,,,0.05,0.1,14400,data/raw/online/tuning/llama31_8b/llamacpp-bf16__fa-on_ub512/balanced/sweep.json
tuning,llama31_8b,llama_cpp_bf16,llama_cpp,bf16,none,llamacpp-bf16__fa-on_ub512_kvbf16,fa-on_ub512_kvbf16,balanced,16,16,ok,,,0.05,0.1,14400,data/raw/online/tuning/llama31_8b/llamacpp-bf16__fa-on_ub512_kvbf16/balanced/sweep.json
tuning,llama31_8b,llama_cpp_int8,llama_cpp,int8,q8_0,llamacpp-q8_0__fa-off_ub2048,fa-off_ub2048,balanced,16,16,ok,,,0.05,0.1,14400,data/raw/online/tuning/llama31_8b/llamacpp-q8_0__fa-off_ub2048/balanced/sweep.json
tuning,llama31_8b,llama_cpp_int8,llama_cpp,int8,q8_0,llamacpp-q8_0__fa-off_ub512,fa-off_ub512,balanced,16,16,ok,,,0.05,0.1,14400,data/raw/online/tuning/llama31_8b/llamacpp-q8_0__fa-off_ub512/balanced/sweep.json
tuning,llama31_8b,llama_cpp_int8,llama_cpp,int8,q8_0,llamacpp-q8_0__fa-on_ub2048,fa-on_ub2048,balanced,16,16,ok,,,0.05,0.1,14400,data/raw/online/tuning/llama31_8b/llamacpp-q8_0__fa-on_ub2048/balanced/sweep.json
tuning,llama31_8b,llama_cpp_int8,llama_cpp,int8,q8_0,llamacpp-q8_0__fa-on_ub512,fa-on_ub512,balanced,16,16,ok,,,0.05,0.1,14400,data/raw/online/tuning/llama31_8b/llamacpp-q8_0__fa-on_ub512/balanced/sweep.json
tuning,llama31_8b,llama_cpp_int8,llama_cpp,int8,q8_0,llamacpp-q8_0__fa-on_ub512_kvbf16,fa-on_ub512_kvbf16,balanced,16,16,ok,,,0.05,0.1,14400,data/raw/online/tuning/llama31_8b/llamacpp-q8_0__fa-on_ub512_kvbf16/balanced/sweep.json
tuning,llama31_8b,vllm_bf16,vllm,bf16,none,vllm-bf16__mnbt2048,mnbt2048,balanced,16,16,ok,,,0.05,0.1,14400,data/raw/online/tuning/llama31_8b/vllm-bf16__mnbt2048/balanced/sweep.json
tuning,llama31_8b,vllm_bf16,vllm,bf16,none,vllm-bf16__mnbt4096,mnbt4096,balanced,16,16,ok,,,0.05,0.1,14400,data/raw/online/tuning/llama31_8b/vllm-bf16__mnbt4096/balanced/sweep.json
tuning,llama31_8b,vllm_bf16,vllm,bf16,none,vllm-bf16__mnbt8192,mnbt8192,balanced,16,16,ok,,,0.05,0.1,14400,data/raw/online/tuning/llama31_8b/vllm-bf16__mnbt8192/balanced/sweep.json
tuning-v1-queue-bug,llama31_8b,llama_cpp_bf16,llama_cpp,bf16,none,llamacpp-bf16__fa-off_ub2048,fa-off_ub2048,balanced,16,16,ok,,,0.05,0.1,10800,data/raw/online/tuning-v1-queue-bug/llama31_8b/llamacpp-bf16__fa-off_ub2048/balanced/sweep.json
tuning-v1-queue-bug,llama31_8b,llama_cpp_bf16,llama_cpp,bf16,none,llamacpp-bf16__fa-off_ub512,fa-off_ub512,balanced,16,16,ok,,,0.05,0.1,10800,data/raw/online/tuning-v1-queue-bug/llama31_8b/llamacpp-bf16__fa-off_ub512/balanced/sweep.json
tuning-v1-queue-bug,llama31_8b,llama_cpp_bf16,llama_cpp,bf16,none,llamacpp-bf16__fa-on_ub2048,fa-on_ub2048,balanced,16,16,ok,,,0.05,0.1,10800,data/raw/online/tuning-v1-queue-bug/llama31_8b/llamacpp-bf16__fa-on_ub2048/balanced/sweep.json
tuning-v1-queue-bug,llama31_8b,llama_cpp_bf16,llama_cpp,bf16,none,llamacpp-bf16__fa-on_ub512,fa-on_ub512,balanced,16,16,ok,,,0.05,0.1,10800,data/raw/online/tuning-v1-queue-bug/llama31_8b/llamacpp-bf16__fa-on_ub512/balanced/sweep.json
tuning-v1-queue-bug,llama31_8b,llama_cpp_int8,llama_cpp,int8,q8_0,llamacpp-q8_0__fa-off_ub2048,fa-off_ub2048,balanced,16,16,ok,,,0.05,0.1,10800,data/raw/online/tuning-v1-queue-bug/llama31_8b/llamacpp-q8_0__fa-off_ub2048/balanced/sweep.json
tuning-v1-queue-bug,llama31_8b,llama_cpp_int8,llama_cpp,int8,q8_0,llamacpp-q8_0__fa-off_ub512,fa-off_ub512,balanced,16,16,ok,,,0.05,0.1,10800,data/raw/online/tuning-v1-queue-bug/llama31_8b/llamacpp-q8_0__fa-off_ub512/balanced/sweep.json
tuning-v1-queue-bug,llama31_8b,llama_cpp_int8,llama_cpp,int8,q8_0,llamacpp-q8_0__fa-on_ub2048,fa-on_ub2048,balanced,16,16,ok,,,0.05,0.1,10800,data/raw/online/tuning-v1-queue-bug/llama31_8b/llamacpp-q8_0__fa-on_ub2048/balanced/sweep.json
tuning-v1-queue-bug,llama31_8b,llama_cpp_int8,llama_cpp,int8,q8_0,llamacpp-q8_0__fa-on_ub512,fa-on_ub512,balanced,16,16,ok,,,0.05,0.1,10800,data/raw/online/tuning-v1-queue-bug/llama31_8b/llamacpp-q8_0__fa-on_ub512/balanced/sweep.json
tuning-v1-queue-bug,llama31_8b,vllm_bf16,vllm,bf16,none,vllm-bf16__mnbt2048,mnbt2048,balanced,16,16,ok,,,0.05,0.1,10800,data/raw/online/tuning-v1-queue-bug/llama31_8b/vllm-bf16__mnbt2048/balanced/sweep.json
tuning-v1-queue-bug,llama31_8b,vllm_bf16,vllm,bf16,none,vllm-bf16__mnbt4096,mnbt4096,balanced,16,16,ok,,,0.05,0.1,10800,data/raw/online/tuning-v1-queue-bug/llama31_8b/vllm-bf16__mnbt4096/balanced/sweep.json
tuning-v1-queue-bug,llama31_8b,vllm_bf16,vllm,bf16,none,vllm-bf16__mnbt8192,mnbt8192,balanced,16,16,ok,,,0.05,0.1,10800,data/raw/online/tuning-v1-queue-bug/llama31_8b/vllm-bf16__mnbt8192/balanced/sweep.json
