campaign,campaign_role,model,configuration_id,backend,precision,quantization,variant,run_order,pmu_enabled,workload,concurrency,host,total_tok_s,output_tok_s,tpot_s_p50,ttft_s_p50,source
pmu-overhead,validation,llama32_1b,llama_cpp_bf16,llama_cpp,bf16,none,pmu0,0,True,balanced,1,cresco8-hbm15,200.58436568909096,100.29218284454548,0.009275163506538609,0.35979311168193817,data/raw/online/pmu-overhead/llama32_1b/llamacpp-bf16__pmu0/balanced/c001
pmu-overhead,validation,llama32_1b,llama_cpp_bf16,llama_cpp,bf16,none,nopmu1,1,False,balanced,1,cresco8-hbm15,202.48695438952123,101.24347719476062,0.009158602084621874,0.3673815461806953,data/raw/online/pmu-overhead/llama32_1b/llamacpp-bf16__nopmu1/balanced/c001
pmu-overhead,validation,llama32_1b,llama_cpp_bf16,llama_cpp,bf16,none,pmu2,2,True,balanced,1,cresco8-hbm15,202.7421709982081,101.37108549910405,0.009172599258743329,0.3538044188171625,data/raw/online/pmu-overhead/llama32_1b/llamacpp-bf16__pmu2/balanced/c001
pmu-overhead,validation,llama32_1b,llama_cpp_bf16,llama_cpp,bf16,none,nopmu3,3,False,balanced,1,cresco8-hbm15,197.5156941135199,98.75784705675996,0.00942267559344813,0.3593817031942308,data/raw/online/pmu-overhead/llama32_1b/llamacpp-bf16__nopmu3/balanced/c001
pmu-overhead,validation,llama32_1b,vllm_bf16,vllm,bf16,none,pmu0,0,True,balanced,1,cresco8-hbm15,162.68842498094634,81.34421249047317,0.012035211850752335,0.060837802942842245,data/raw/online/pmu-overhead/llama32_1b/vllm-bf16__pmu0/balanced/c001
pmu-overhead,validation,llama32_1b,vllm_bf16,vllm,bf16,none,nopmu1,1,False,balanced,1,cresco8-hbm15,164.30839429191894,82.15419714595947,0.011949194602507901,0.058934804517775774,data/raw/online/pmu-overhead/llama32_1b/vllm-bf16__nopmu1/balanced/c001
pmu-overhead,validation,llama32_1b,vllm_bf16,vllm,bf16,none,pmu2,2,True,balanced,1,cresco8-hbm15,163.84281307320097,81.92140653660049,0.011935114246335633,0.05922810500487685,data/raw/online/pmu-overhead/llama32_1b/vllm-bf16__pmu2/balanced/c001
pmu-overhead,validation,llama32_1b,vllm_bf16,vllm,bf16,none,nopmu3,3,False,balanced,1,cresco8-hbm15,166.37236693925,83.186183469625,0.011804677516863538,0.058346330653876066,data/raw/online/pmu-overhead/llama32_1b/vllm-bf16__nopmu3/balanced/c001
pmu-overhead-v1-7events,superseded,llama32_1b,llama_cpp_bf16,llama_cpp,bf16,none,pmu0,0,True,balanced,1,cresco8-hbm15,199.70535507904006,99.85267753952003,0.00926826640766719,0.3772098417393863,data/raw/online/pmu-overhead-v1-7events/llama32_1b/llamacpp-bf16__pmu0/balanced/c001
pmu-overhead-v1-7events,superseded,llama32_1b,llama_cpp_bf16,llama_cpp,bf16,none,nopmu1,1,False,balanced,1,cresco8-hbm15,203.07593935369061,101.53796967684531,0.009139638820593838,0.36907799821347,data/raw/online/pmu-overhead-v1-7events/llama32_1b/llamacpp-bf16__nopmu1/balanced/c001
pmu-overhead-v1-7events,superseded,llama32_1b,llama_cpp_bf16,llama_cpp,bf16,none,pmu2,2,True,balanced,1,cresco8-hbm15,197.61204508137502,98.80602254068751,0.009386176906832277,0.366169988643378,data/raw/online/pmu-overhead-v1-7events/llama32_1b/llamacpp-bf16__pmu2/balanced/c001
pmu-overhead-v1-7events,superseded,llama32_1b,llama_cpp_bf16,llama_cpp,bf16,none,nopmu3,3,False,balanced,1,cresco8-hbm15,200.95020041434293,100.47510020717147,0.009255299586146603,0.3622351442463696,data/raw/online/pmu-overhead-v1-7events/llama32_1b/llamacpp-bf16__nopmu3/balanced/c001
pmu-overhead-v1-7events,superseded,llama32_1b,vllm_bf16,vllm,bf16,none,pmu0,0,True,balanced,1,cresco8-hbm15,159.06901142081347,79.53450571040673,0.012325584720783737,0.060456412844359875,data/raw/online/pmu-overhead-v1-7events/llama32_1b/vllm-bf16__pmu0/balanced/c001
pmu-overhead-v1-7events,superseded,llama32_1b,vllm_bf16,vllm,bf16,none,nopmu1,1,False,balanced,1,cresco8-hbm15,165.83796866933233,82.91898433466616,0.011844764143746134,0.06047740066424012,data/raw/online/pmu-overhead-v1-7events/llama32_1b/vllm-bf16__nopmu1/balanced/c001
pmu-overhead-v1-7events,superseded,llama32_1b,vllm_bf16,vllm,bf16,none,pmu2,2,True,balanced,1,cresco8-hbm15,158.24784298552203,79.12392149276101,0.012386436849365962,0.062436232808977365,data/raw/online/pmu-overhead-v1-7events/llama32_1b/vllm-bf16__pmu2/balanced/c001
pmu-overhead-v1-7events,superseded,llama32_1b,vllm_bf16,vllm,bf16,none,nopmu3,3,False,balanced,1,cresco8-hbm15,167.29216242059562,83.64608121029781,0.011805786531593527,0.07415214786306024,data/raw/online/pmu-overhead-v1-7events/llama32_1b/vllm-bf16__nopmu3/balanced/c001
