campaign,campaign_role,host,slurm_job_id,run,threads,cpus,working_set_gib,stream_triad_gbs,stream_read_model_gbs,stream_write_model_gbs,tel_seconds,tel_samples,mem_read_gbs,mem_write_gbs,mem_total_gbs,cpu_busy_compute_mean,cpu_busy_frontend,runfrac_cycles,runfrac_instructions,runfrac_exe_amx_busy,runfrac_ocr_rd_l3miss_local,runfrac_ocr_wr_est_memory,pmu_total_over_stream,pmu_read_over_stream_read,pmu_write_over_stream_write,source
calibration,primary,cresco8-hbm02,5296822,triad-t55-4gib,55,0-54,4,518.8438536218082,345.8959024145388,172.9479512072694,18.699755964800715,39.0,331.19778120491753,171.12154128394536,502.3193224888629,0.9990553631713236,0.01329476141147107,1.0,1.0,1.0,1.0,1.0,0.9681512443144595,0.9575070964789681,0.9894395399854423,data/raw/stream/calibration/stream_calibration.json
calibration,primary,cresco8-hbm02,5296822,triad-t55-8gib,55,0-54,8,504.6190243522605,336.41268290150697,168.20634145075348,19.185320221818984,40.0,329.2412626416383,166.85620879189202,496.09747143353036,0.9989430378389174,0.013158577436361379,1.0,1.0,1.0,1.0,1.0,0.9831128980329892,0.9786826697554435,0.9919733545880804,data/raw/stream/calibration/stream_calibration.json
calibration,primary,cresco8-hbm02,5296822,triad-t55-16gib,55,0-54,16,484.10721071338907,322.7381404755927,161.36907023779634,20.020448558032513,41.0,319.02633108135893,160.17175216149502,479.198083242854,0.9985585336013985,0.013383541636551973,1.0,1.0,1.0,1.0,1.0,0.9898594208846819,0.9884990060711016,0.9925802505118426,data/raw/stream/calibration/stream_calibration.json
calibration,primary,cresco8-hbm02,5296822,triad-t55-32gib,55,0-54,32,382.89512269304913,255.26341512869942,127.63170756434971,25.518511357717216,52.0,254.73903171354172,126.93544763963698,381.6744793531787,0.9953731191862162,0.011387094354349018,1.0,1.0,1.0,1.0,1.0,0.9968120687166627,0.9979457165262272,0.9945447730975339,data/raw/stream/calibration/stream_calibration.json
calibration,primary,cresco8-hbm02,5296822,triad-t55-48gib,55,0-54,48,301.5287307430585,201.01915382870564,100.50957691435282,12.556208392605186,26.0,200.95685694541794,100.01400590483837,300.9708628502563,0.9718373502677917,0.009509238097667136,1.0,1.0,1.0,1.0,1.0,0.9981498682018546,0.9996900947889733,0.9950694150276174,data/raw/stream/calibration/stream_calibration.json
calibration,primary,cresco8-hbm02,5296822,triad-t55-64gib,55,0-54,64,251.63325173632725,167.7555011575515,83.87775057877575,15.366055800579488,32.0,168.00523332948114,83.50632870678919,251.51156203627033,0.987087657808036,0.011297717062106605,1.0,1.0,1.0,1.0,1.0,0.9995164005582838,1.0014886675560948,0.9955718665626622,data/raw/stream/calibration/stream_calibration.json
calibration,primary,cresco8-hbm02,5296822,triad-t55-96gib,55,0-54,96,191.47065746329096,127.6471049755273,63.82355248776365,20.259618633426726,42.0,127.65279215856107,63.3343740032071,190.98716616176816,0.986493509942749,0.010882174257898043,1.0,1.0,1.0,1.0,1.0,0.9974748543305363,1.0000445539523584,0.9923354550868924,data/raw/stream/calibration/stream_calibration.json
calibration,primary,cresco8-hbm02,5296822,triad-t56-4gib,56,0-55,4,511.8258467504236,341.21723116694903,170.60861558347452,18.826972568407655,39.0,328.77800652652957,169.77041276630746,498.548419292837,0.9991840923396645,0.9991340231316393,1.0,1.0,1.0,1.0,1.0,0.9740587007438472,0.9635445589958109,0.9950869842399199,data/raw/stream/calibration/stream_calibration.json
calibration,primary,cresco8-hbm02,5296822,triad-t56-8gib,56,0-55,8,500.15576858087496,333.4371790539166,166.7185895269583,19.293702949769795,40.0,327.19945453935554,165.71464602523713,492.9141005645927,0.9993341319586976,0.9991116977410571,1.0,1.0,1.0,1.0,1.0,0.9855211746595874,0.981292654489641,0.9939782149994807,data/raw/stream/calibration/stream_calibration.json
calibration,primary,cresco8-hbm02,5296822,triad-t56-16gib,56,0-55,16,477.62384128047324,318.41589418698214,159.20794709349107,20.18844586890191,41.0,316.24146844853647,158.67877759339038,474.9202460419268,0.9985813918020301,0.9986624214863176,1.0,1.0,1.0,1.0,1.0,0.9943394885161129,0.9931711143251888,0.9966762368979611,data/raw/stream/calibration/stream_calibration.json
calibration,primary,cresco8-hbm02,5296822,triad-t56-32gib,56,0-55,32,378.00729073021984,252.00486048681321,126.00243024340661,25.865253070369363,53.0,251.17532503408566,125.21604883855109,376.39137387263673,0.9925034985331478,0.9968947829330557,1.0,1.0,1.0,1.0,1.0,0.9957251701297571,0.9967082561378972,0.9937589981134776,data/raw/stream/calibration/stream_calibration.json
calibration,primary,cresco8-hbm02,5296822,triad-t56-48gib,56,0-55,48,297.0719634445428,198.0479756296952,99.0239878148476,12.745593110099435,27.0,199.46109108429425,99.20703583453756,298.6681269188318,0.984744149517238,0.9977102447366919,1.0,1.0,1.0,1.0,1.0,1.0053729859114993,1.0071352178688322,1.001848521996834,data/raw/stream/calibration/stream_calibration.json
calibration,primary,cresco8-hbm02,5296822,triad-t56-64gib,56,0-55,64,250.1948024802915,166.796534986861,83.3982674934305,15.44976768270135,32.0,166.77238802463665,82.76155086098903,249.53393888562567,0.9881317529176514,0.9832693589376241,1.0,1.0,1.0,1.0,1.0,0.9973586038234432,0.9998552310320701,0.9923653494061898,data/raw/stream/calibration/stream_calibration.json
calibration,primary,cresco8-hbm02,5296822,triad-t56-96gib,56,0-55,96,191.38707388628924,127.5913825908595,63.79569129542975,20.25440225750208,42.0,127.34501290670607,63.32714182762656,190.67215473433265,0.9872169392915162,0.9918095868664372,1.0,1.0,1.0,1.0,1.0,0.9962645379468973,0.998069072697931,0.9926554684448298,data/raw/stream/calibration/stream_calibration.json
calibration-v1-7events,superseded,cresco8-hbm02,5296614,triad-t55-4gib,55,0-54,4,503.357125225475,335.5714168169833,167.78570840849164,,,,,,,,,,,,,,,,data/raw/stream/calibration-v1-7events/stream_calibration.json
calibration-v1-7events,superseded,cresco8-hbm02,5296614,triad-t55-8gib,55,0-54,8,493.0237535738423,328.68250238256155,164.34125119128078,,,,,,,,,,,,,,,,data/raw/stream/calibration-v1-7events/stream_calibration.json
calibration-v1-7events,superseded,cresco8-hbm02,5296614,triad-t55-16gib,55,0-54,16,472.85908474327607,315.2393898288507,157.61969491442534,,,,,,,,,,,,,,,,data/raw/stream/calibration-v1-7events/stream_calibration.json
calibration-v1-7events,superseded,cresco8-hbm02,5296614,triad-t55-32gib,55,0-54,32,370.3989127225436,246.93260848169575,123.46630424084788,,,,,,,,,,,,,,,,data/raw/stream/calibration-v1-7events/stream_calibration.json
calibration-v1-7events,superseded,cresco8-hbm02,5296614,triad-t55-48gib,55,0-54,48,298.04775886218795,198.6985059081253,99.34925295406265,,,,,,,,,,,,,,,,data/raw/stream/calibration-v1-7events/stream_calibration.json
calibration-v1-7events,superseded,cresco8-hbm02,5296614,triad-t55-64gib,55,0-54,64,251.62746631418085,167.7516442094539,83.87582210472695,,,,,,,,,,,,,,,,data/raw/stream/calibration-v1-7events/stream_calibration.json
calibration-v1-7events,superseded,cresco8-hbm02,5296614,triad-t55-96gib,55,0-54,96,189.86536170234137,126.5769078015609,63.28845390078045,,,,,,,,,,,,,,,,data/raw/stream/calibration-v1-7events/stream_calibration.json
calibration-v1-7events,superseded,cresco8-hbm02,5296614,triad-t56-4gib,56,0-55,4,500.4594188703987,333.63961258026575,166.81980629013287,,,,,,,,,,,,,,,,data/raw/stream/calibration-v1-7events/stream_calibration.json
calibration-v1-7events,superseded,cresco8-hbm02,5296614,triad-t56-8gib,56,0-55,8,491.36106844251566,327.57404562834375,163.78702281417188,,,,,,,,,,,,,,,,data/raw/stream/calibration-v1-7events/stream_calibration.json
calibration-v1-7events,superseded,cresco8-hbm02,5296614,triad-t56-16gib,56,0-55,16,473.94627595349294,315.96418396899526,157.98209198449763,,,,,,,,,,,,,,,,data/raw/stream/calibration-v1-7events/stream_calibration.json
calibration-v1-7events,superseded,cresco8-hbm02,5296614,triad-t56-32gib,56,0-55,32,382.67118501818896,255.1141233454593,127.55706167272965,,,,,,,,,,,,,,,,data/raw/stream/calibration-v1-7events/stream_calibration.json
calibration-v1-7events,superseded,cresco8-hbm02,5296614,triad-t56-48gib,56,0-55,48,292.4078471539895,194.93856476932632,97.46928238466316,,,,,,,,,,,,,,,,data/raw/stream/calibration-v1-7events/stream_calibration.json
calibration-v1-7events,superseded,cresco8-hbm02,5296614,triad-t56-64gib,56,0-55,64,246.5338045844907,164.3558697229938,82.1779348614969,,,,,,,,,,,,,,,,data/raw/stream/calibration-v1-7events/stream_calibration.json
calibration-v1-7events,superseded,cresco8-hbm02,5296614,triad-t56-96gib,56,0-55,96,189.26271863464194,126.17514575642795,63.087572878213976,,,,,,,,,,,,,,,,data/raw/stream/calibration-v1-7events/stream_calibration.json
