model,workload,concurrency,vllm_total_tok_s,llama_cpp_total_tok_s,ratio,ratio_rel_err
llama31_8b,decode,1,23.1098,26.9727,0.856786,0.00182449
llama31_8b,decode,2,45.7111,47.6472,0.959365,0.000816504
llama31_8b,decode,4,89.1715,79.0708,1.12774,0.00158852
llama31_8b,decode,8,171.409,107.525,1.59413,0.00126387
llama31_8b,decode,16,319.267,134.959,2.36566,0.00943154
llama31_8b,decode,32,521.288,155.557,3.3511,0.0109646
llama31_8b,decode,64,778.398,152.931,5.08987,0.00425125
llama31_8b,balanced,1,37.3477,41.9173,0.890986,0.00175406
llama31_8b,balanced,2,73.6641,66.0051,1.11604,0.000977685
llama31_8b,balanced,4,141.089,102.529,1.37609,0.00208414
llama31_8b,balanced,8,260.881,124.034,2.1033,0.00634382
llama31_8b,balanced,16,444.212,143.336,3.09909,0.00664345
llama31_8b,balanced,32,641.132,157.745,4.06437,0.0126041
llama31_8b,balanced,64,840.42,156.078,5.3846,0.00373725
llama31_8b,prefill,1,423.716,151.434,2.79803,0.00195999
llama31_8b,prefill,2,669.838,171.319,3.90988,0.00156301
llama31_8b,prefill,4,893.322,176.302,5.06701,0.00380165
llama31_8b,prefill,8,979.747,176.175,5.56122,0.00257987
llama31_8b,longctx,1,403.829,133.817,3.01777,0.000425227
llama31_8b,longctx,2,640.978,140.414,4.56493,0.00108041
llama31_8b,longctx,4,845.882,141.605,5.97353,0.000782456
llama31_8b,kvdecode,1,83.3291,67.4947,1.2346,0.0439141
llama31_8b,kvdecode,2,156.03,79.3266,1.96693,0.00171508
llama31_8b,kvdecode,4,274.17,101.782,2.6937,0.0102566
llama31_8b,kvdecode,8,424.692,112.459,3.7764,0.00235239
llama31_8b,kvdecode,16,570.374,116.962,4.87657,0.0106452
llama32_1b,decode,1,104.104,135.925,0.765887,0.00563349
llama32_1b,decode,2,218.318,206.945,1.05496,0.00855145
llama32_1b,decode,4,389.884,349.961,1.11408,0.00348344
llama32_1b,decode,8,720.508,421.993,1.70739,0.0280425
llama32_1b,decode,16,1293.67,476.947,2.7124,0.0269428
llama32_1b,decode,32,2036.93,485.306,4.1972,0.0309448
llama32_1b,decode,64,2809.22,429.468,6.54116,0.0123459
llama32_1b,balanced,1,165.419,197.663,0.836875,0.00394869
llama32_1b,balanced,2,342.509,284.906,1.20218,0.006559
llama32_1b,balanced,4,581.677,465.524,1.24951,0.0146801
llama32_1b,balanced,8,1062.29,554.075,1.91723,0.0163874
llama32_1b,balanced,16,1816.47,595.141,3.05216,0.0214978
llama32_1b,balanced,32,2789.99,637.956,4.37332,0.0595973
llama32_1b,balanced,64,3713.02,570.933,6.50342,0.0572632
llama32_1b,prefill,1,2040.6,807.708,2.52641,0.00899001
llama32_1b,prefill,2,3637.81,935.412,3.88899,0.0251678
llama32_1b,prefill,4,5014.19,934.499,5.36564,0.0291044
llama32_1b,prefill,8,6408.68,917.413,6.98561,0.017855
