model,workload,configuration_id,c1_total_tok_s,c1_tpot_s,c1_ttft_s,peak_total_tok_s,peak_concurrency,peak_over_c1,knee_concurrency,max_concurrency,tpot_at_peak_s,mem_total_gbs_at_peak,max_bw_util_vs_stream
llama31_8b,decode,vllm_bf16,23.1098,0.0539445,0.14043,849.146,128,36.7439,64,128,0.18409,149.37,0.553021
llama31_8b,decode,llama_cpp_bf16,26.9727,0.0452723,0.585776,155.557,32,5.76721,32,64,0.256691,77.6232,0.647312
llama31_8b,decode,llama_cpp_int8,37.7483,0.0323027,0.445268,250.97,32,6.64852,32,64,0.15899,79.7958,0.53604
llama31_8b,balanced,vllm_bf16,37.3477,0.0528296,0.419916,856.79,128,22.9409,64,128,0.283708,140.496,0.561842
llama31_8b,balanced,llama_cpp_bf16,41.9173,0.0432241,2.34161,157.745,32,3.76323,16,64,0.397152,65.1953,0.634271
llama31_8b,balanced,llama_cpp_int8,57.4596,0.031854,1.54008,257.243,32,4.47695,32,64,0.244136,65.2887,0.515262
llama31_8b,prefill,vllm_bf16,423.716,0.0533987,3.18514,1175.46,64,2.77416,16,64,1.63599,85.6976,0.427453
llama31_8b,prefill,llama_cpp_bf16,151.434,0.054043,21.028,176.302,4,1.16421,2,8,0.549169,53.803,0.184371
llama31_8b,prefill,llama_cpp_int8,252.695,0.0353364,12.2178,276.62,4,1.09468,1,8,0.404057,39.3127,0.161451
llama31_8b,longctx,vllm_bf16,403.829,0.0568782,6.41174,1012.7,64,2.50776,8,64,1.89833,97.0683,0.425394
llama31_8b,longctx,llama_cpp_bf16,133.817,0.0528482,49.6451,141.605,4,1.0582,1,4,0.733928,46.1859,0.168349
llama31_8b,longctx,llama_cpp_int8,206.575,0.0438725,29.6932,212.453,4,1.02846,1,4,0.537838,32.3081,0.139959
llama31_8b,kvdecode,vllm_bf16,83.3291,0.0569484,3.1757,631.335,64,7.57641,16,64,0.452924,154.269,0.523011
llama31_8b,kvdecode,llama_cpp_bf16,67.4947,0.0510822,20.8728,116.962,16,1.73291,8,16,0.668093,65.8934,0.434926
llama32_1b,decode,vllm_bf16,104.104,0.0119639,0.0300189,4446.34,256,42.7107,256,256,0.0708453,101.314,0.421297
llama32_1b,decode,llama_cpp_bf16,135.925,0.0089809,0.11953,485.306,32,3.57038,16,64,0.0813995,42.5705,0.519032
llama32_1b,decode,llama_cpp_int8,202.836,0.00599064,0.077711,725.73,16,3.57791,16,64,0.0256072,72.5447,0.444813
llama32_1b,balanced,vllm_bf16,165.419,0.011974,0.0647477,5083.28,256,30.7297,256,256,0.0921809,129.444,0.416997
llama32_1b,balanced,llama_cpp_bf16,197.663,0.009406,0.365572,637.956,32,3.2275,16,64,0.0988873,41.761,0.476212
llama32_1b,balanced,llama_cpp_int8,299.223,0.00620881,0.24247,912.07,16,3.04813,16,64,0.0336685,65.7862,0.416609
llama32_1b,prefill,vllm_bf16,2040.6,0.013061,0.39677,7480.07,64,3.66562,16,64,0.253414,109.154,0.33614
llama32_1b,prefill,llama_cpp_bf16,807.708,0.0104142,3.89687,935.412,2,1.15811,2,8,0.0486505,48.229,0.138268
llama32_1b,prefill,llama_cpp_int8,1279.62,0.00796463,2.27031,1478.82,4,1.15567,2,8,0.0782577,34.9679,0.13282
